{"cameraMode":{"drawMode":0,"name":"Shaded","section":"Shading Mode"},"sceneLighting":false,"audioPlay":false,"sceneViewState":{"showFog":true,"showMaterialUpdate":true,"showSkybox":true,"showFlares":true,"showImageEffects":true,"showParticleSystems":true},"in2DMode":false,"pivot":{"x":-2.883244514465332,"y":0.011243767105042935,"z":-0.8782026171684265},"rotation":{"x":-0.06222673878073692,"y":-0.6852949857711792,"z":0.05894378572702408,"w":-0.7233306169509888},"size":6.831150054931641,"orthographic":false}